seite	art	text
p003	titel	Ganne Nettels,
p003	untertitel	'ne lüttge Vertellig as Vorlat.
p019	kapitel	Ganne Nettels,
p019	unterkapitel	de Heilebäre un wat er von kummet.
p029	kapitel	Nettels Söhne,
p029	unterkapitel	de Aftog.
p039	kapitel	De Afſchied von Gere.
p044	kapitel	Studentenjahre.
p048	kapitel	Dat graue Männeken.
p060	kapitel	De Principienſtriet.
p073	titel	Otte Veihwann.
p073	untertitel	Deil II.
p075	kapitel	Grübelien.
p078	kapitel	Ammannsrath.
p079	kapitel	Sport-Horſe-Klub.
p086	kapitel	En Diekhauptmann, un wat er ut ward.
p088	kapitel	Tor Situatſchon.
p092	kapitel	De Möhle un de Knüppel im Sack.
p098	kapitel	Vor en Kriee.
p101	kapitel	De Kriee.
p104	kapitel	De Krieg.
p108	kapitel	De Wunder un de Peiter-Fiſcherſche.
p112	impressum	Buchdruckerei von A. W. Zickfeldt. Oſterwieck a. H.
